<?xml version="1.0" encoding="UTF-8" standalone="yes"?>
<addon id="plugin.program.bonitillowizard" name="Bonitillo Wizard " version="1.0" provider-name="Bonitillo Barber">
  <requires>
    <import addon="xbmc.python" version="2.1.0"/>
  </requires>
  <extension point="xbmc.python.pluginsource" library="default.py">
        <provides>video executable</provides>
  </extension>
  <extension point="xbmc.addon.metadata">
		<summary lang="en">Bonitillo Builds</summary>
		<description lang="en">Bonitillo Builds </description>
		<disclaimer lang="en"></disclaimer>
		<platform>all</platform>
	</extension>
</addon>
